suite,case,batch,file,line,status,evidence,coverage_note
ConversationGameTests,barterSwapsExactlyAndReplaysMoveNothing,talk_barter_exact,src/main/java/com/hearthstead/conversation/ConversationGameTests.java,154,PENDING FULL RUN,,Name-based discovery; inspect assertions before claiming coverage
ConversationGameTests,foreignStaleAndReopenedPacketsMoveNothing,talk_replay,src/main/java/com/hearthstead/conversation/ConversationGameTests.java,224,PENDING FULL RUN,,Name-based discovery; inspect assertions before claiming coverage
FinisherGameTests,twoPlayersWithinHalfASecondDoTheDoubleExecution,finisher_double,src/main/java/com/hearthstead/finisher/FinisherGameTests.java,245,PENDING FULL RUN,,Name-based discovery; inspect assertions before claiming coverage
CombatTerminalTelemetryGameTests,committedShieldWearEmitsOneBreakAndCannotReplay,combat_terminal_shield_break,src/main/java/com/hearthstead/gametest/CombatTerminalTelemetryGameTests.java,145,PENDING FULL RUN,,Name-based discovery; inspect assertions before claiming coverage
CombatTerminalTelemetryGameTests,ownedProjectileNeedsSuccessfulHurtAndRetainsReplayState,combat_terminal_owned_projectile_replay_restart,src/main/java/com/hearthstead/gametest/CombatTerminalTelemetryGameTests.java,187,PENDING FULL RUN,,Name-based discovery; inspect assertions before claiming coverage
CourierFoodRouteGameTests,fuelFilledInTransitReturnsTheStaleLoad,courier_food_route_day,src/main/java/com/hearthstead/gametest/CourierFoodRouteGameTests.java,699,PENDING FULL RUN,,Name-based discovery; inspect assertions before claiming coverage
DevelopmentGameTests,emblemPurchasePaysOnceAndReplayCannotDuplicate,development,src/main/java/com/hearthstead/gametest/DevelopmentGameTests.java,294,PENDING FULL RUN,,Name-based discovery; inspect assertions before claiming coverage
EarlyCoinMerchantGameTests,actualFoundedVillagePublishesOneReachableMerchantWithoutReplay,early_coin_merchant,src/main/java/com/hearthstead/gametest/EarlyCoinMerchantGameTests.java,20,PENDING FULL RUN,,Name-based discovery; inspect assertions before claiming coverage
EconomyTunedGameTests,tunedHearthLiftReceiptReplaysExactlyOnce,default_or_expression,src/main/java/com/hearthstead/gametest/EconomyTunedGameTests.java,225,PENDING FULL RUN,,Name-based discovery; inspect assertions before claiming coverage
EmploymentEmblemGameTests,successConsumesExactlyOneAndReplayConsumesNothing,employment_emblem_success_consumes_once_and_replay_is_inert,src/main/java/com/hearthstead/gametest/EmploymentEmblemGameTests.java,124,PENDING FULL RUN,,Name-based discovery; inspect assertions before claiming coverage
EquipmentRequestGameTests,manualQueueOrderIsPersistentAndReplaySafe,equipment,src/main/java/com/hearthstead/gametest/EquipmentRequestGameTests.java,537,PENDING FULL RUN,,Name-based discovery; inspect assertions before claiming coverage
FarmerContactAuthorityGameTests,plantContactSurvivesInterruptionAndCannotReplay,farmer_contact_authority,src/main/java/com/hearthstead/gametest/FarmerContactAuthorityGameTests.java,147,PENDING FULL RUN,,Name-based discovery; inspect assertions before claiming coverage
FarmerContactAuthorityGameTests,harvestContactSurvivesInterruptionAndCannotReplay,farmer_contact_authority,src/main/java/com/hearthstead/gametest/FarmerContactAuthorityGameTests.java,254,PENDING FULL RUN,,Name-based discovery; inspect assertions before claiming coverage
FarmerContactAuthorityGameTests,waterContactSurvivesInterruptionAndCannotReplay,farmer_contact_authority,src/main/java/com/hearthstead/gametest/FarmerContactAuthorityGameTests.java,353,PENDING FULL RUN,,Name-based discovery; inspect assertions before claiming coverage
FarmerRecoveryAdversarialGameTests,failedInputAcquisitionCannotLeaveStaleToInputLoop,farmer_input_adversarial,src/main/java/com/hearthstead/gametest/FarmerRecoveryAdversarialGameTests.java,221,PENDING FULL RUN,,Name-based discovery; inspect assertions before claiming coverage
GoldCoinTradeGameTests,basicMenuPaysOnceAndAnotherPlayerCannotRepeatAfterReload,default_or_expression,src/main/java/com/hearthstead/gametest/GoldCoinTradeGameTests.java,20,PENDING FULL RUN,,Name-based discovery; inspect assertions before claiming coverage
GuardDefenseGameTests,archerCoordinatorRejectsAForeignSettlementRaider,guard_raid_archer_coordinator_rejects_a_foreign_settlement_raider,src/main/java/com/hearthstead/gametest/GuardDefenseGameTests.java,422,PENDING FULL RUN,,Name-based discovery; inspect assertions before claiming coverage
GuardMeleeContactGameTests,foreignRaidTargetCancelsWithoutDamage,guard_melee_contact_foreign_raid_target_cancels_without_damage,src/main/java/com/hearthstead/gametest/GuardMeleeContactGameTests.java,325,PENDING FULL RUN,,Name-based discovery; inspect assertions before claiming coverage
InnkeeperAtmosphereGameTests,moraleSmileRequiresRealGainAndDoesNotReplayPassiveDrift,innkeeper_atmosphere,src/main/java/com/hearthstead/gametest/InnkeeperAtmosphereGameTests.java,84,PENDING FULL RUN,,Name-based discovery; inspect assertions before claiming coverage
LogisticsGameTests,twoCouriersAndSourceSlotsCannotOverReserveLodge,hunter_lodge_ammunition,src/main/java/com/hearthstead/gametest/LogisticsGameTests.java,1392,PENDING FULL RUN,,Name-based discovery; inspect assertions before claiming coverage
RecruitmentPolicyGameTests,TwoPlayersProduceOnePaidAdmissionWinner,recruitment_policy,src/main/java/com/hearthstead/gametest/RecruitmentPolicyGameTests.java,896,PENDING FULL RUN,,Name-based discovery; inspect assertions before claiming coverage
RecruitmentPolicyGameTests,ExplicitDismissalTakesNoPaymentAndReplayIsInert,recruitment_policy,src/main/java/com/hearthstead/gametest/RecruitmentPolicyGameTests.java,948,PENDING FULL RUN,,Name-based discovery; inspect assertions before claiming coverage
SettlementStateGameTests,staleTwoPlayerClickCannotConsumeSecondToken,settlement_state_blessing_atomicity,src/main/java/com/hearthstead/gametest/SettlementStateGameTests.java,820,PENDING FULL RUN,,Name-based discovery; inspect assertions before claiming coverage
SummonsGameTests,plaqueFireReturnsOneEmblemAndReplayCannotDuplicateIt,summons,src/main/java/com/hearthstead/gametest/SummonsGameTests.java,343,PENDING FULL RUN,,Name-based discovery; inspect assertions before claiming coverage
SummonsGameTests,plaqueFirePaidRehireGetsFreshReturnAndRejectsStaleClick,summons,src/main/java/com/hearthstead/gametest/SummonsGameTests.java,396,PENDING FULL RUN,,Name-based discovery; inspect assertions before claiming coverage
TavernTapRequirementGameTests,missingOrDisconnectedTapCannotBorrowAnUnrelatedBarrel,tavern_tap_requirement,src/main/java/com/hearthstead/gametest/TavernTapRequirementGameTests.java,76,PENDING FULL RUN,,Name-based discovery; inspect assertions before claiming coverage
TradeFisherGameTests,disconnectedPuddlesDoNotCombineIntoFishingGrounds,trade_fisher,src/main/java/com/hearthstead/gametest/TradeFisherGameTests.java,61,PENDING FULL RUN,,Name-based discovery; inspect assertions before claiming coverage
TraderSaleServiceGameTests,finitePhysicalSaleRejectsChangedPriceAndReplay,default_or_expression,src/main/java/com/hearthstead/gametest/TraderSaleServiceGameTests.java,20,PENDING FULL RUN,,Name-based discovery; inspect assertions before claiming coverage
WarehouseLevelGameTests,emptiedStaleLabelledChestTakesFood,warehouse_levels,src/main/java/com/hearthstead/gametest/WarehouseLevelGameTests.java,367,PENDING FULL RUN,,Name-based discovery; inspect assertions before claiming coverage
BlessingDeliveryGameTests,viewerSessionsCleanUpOnLogoutAndServerStop,blessing_viewer_sessions_cleanup_without_future_traffic,src/main/java/com/hearthstead/network/BlessingDeliveryGameTests.java,559,PENDING FULL RUN,,Name-based discovery; inspect assertions before claiming coverage
GuardOrderNetworkGameTests,authorizedActionUsesServerPositionAndStaleReplayIsInert,guard_order_authorized_server_position_and_stale_replay,src/main/java/com/hearthstead/network/GuardOrderNetworkGameTests.java,55,PENDING FULL RUN,,Name-based discovery; inspect assertions before claiming coverage
GuardOrderNetworkGameTests,twoPlayersCannotOverwriteOneGuardFromTheSameRevision,guard_order_two_players_one_atomic_revision_winner,src/main/java/com/hearthstead/network/GuardOrderNetworkGameTests.java,188,PENDING FULL RUN,,Name-based discovery; inspect assertions before claiming coverage
MayorInspectionGameTests,StaleRangeAndWrongIdentityCannotOpenMayorSheet,mayor_shop_stale_range_and_identity_fail_closed,src/main/java/com/hearthstead/network/MayorInspectionGameTests.java,104,PENDING FULL RUN,,Name-based discovery; inspect assertions before claiming coverage
RaidQaFixtureGameTests,freshWarehouseIsExactAndCropWaitReplayConservesItems,raidqa_fixture_warehouse_and_partial_replay,src/main/java/com/hearthstead/qa/RaidQaFixtureGameTests.java,62,PENDING FULL RUN,,Name-based discovery; inspect assertions before claiming coverage
TechCraftGateGameTests,craftingTableIsGatedAndCoopPlayerTwoShares,techtree_craft_gate,src/main/java/com/hearthstead/settlement/development/TechCraftGateGameTests.java,60,PENDING FULL RUN,,Name-based discovery; inspect assertions before claiming coverage
TechTreeCoreGameTests,coopSecondPlayerSeesTheSharedTree,techtree_core,src/main/java/com/hearthstead/settlement/development/TechTreeCoreGameTests.java,136,PENDING FULL RUN,,Name-based discovery; inspect assertions before claiming coverage
JourneyV3GameTests,waitingWatchObservationSurvivesRestartAndLaterTickReplay,journey_v3_watch_observation_replay,src/main/java/com/hearthstead/settlement/journey/JourneyV3GameTests.java,281,PENDING FULL RUN,,Name-based discovery; inspect assertions before claiming coverage
RequestLedgerGameTests,twoCouriersYieldOneReservationWinner,request_ledger_authority,src/main/java/com/hearthstead/settlement/request/RequestLedgerGameTests.java,257,PENDING FULL RUN,,Name-based discovery; inspect assertions before claiming coverage
RequestLedgerGameTests,unitPickupReloadRejectsReplayAndChangedSourceWithoutLosingCargo,request_ledger_authority,src/main/java/com/hearthstead/settlement/request/RequestLedgerGameTests.java,461,PENDING FULL RUN,,Name-based discovery; inspect assertions before claiming coverage
RequestLedgerGameTests,staleZeroCargoOutputToReplacedWarehouseExpiresForFreshClaim,request_ledger_authority,src/main/java/com/hearthstead/settlement/request/RequestLedgerGameTests.java,551,PENDING FULL RUN,,Name-based discovery; inspect assertions before claiming coverage
RequestLedgerGameTests,staleZeroCargoSourcePreviewExpiresAndClaimsFreshOutput,request_ledger_authority,src/main/java/com/hearthstead/settlement/request/RequestLedgerGameTests.java,613,PENDING FULL RUN,,Name-based discovery; inspect assertions before claiming coverage
WorkZoneGameTests,twoPlayersAtSameRevisionOnlyFirstCommitWins,work_zone_revision,src/main/java/com/hearthstead/settlement/workzone/WorkZoneGameTests.java,129,PENDING FULL RUN,,Name-based discovery; inspect assertions before claiming coverage
WorkZoneGameTests,staleCandidateFailsWithoutMutation,work_zone_no_mutation,src/main/java/com/hearthstead/settlement/workzone/WorkZoneGameTests.java,202,PENDING FULL RUN,,Name-based discovery; inspect assertions before claiming coverage
"NativeCoop","twoNonOpClientsRaceOneResearchPurchase","private25587","coop-server-evidence.log","","PASS narrow native","coop-research-clicks.json;coop-a-tech-after.png;coop-b-tech-after.png","Native PASS once; one payment and stale rejection; loopback Creative Peaceful"
"NativeCoop","nonFounderResearchSharedWithFounder","private25587","coop-server-evidence.log","","PASS narrow native","coop-house-purchased-b.png;coop-house-shared-a.png","Native PASS; only buyer paid; founder saw learned on reopen"
"NativeCoop","twoClientsShiftClickSameBannerStack","private25587","coop-server-evidence.log","","PASS narrow native","coop-storage-clicks.json;storage-after-a.png;storage-after-b.png","Native PASS once;8cobble withdrew only toQB;QA8 unchanged;Banner0;sum16 conserved"
"NativeCoop","donorFundsResearchWhileMenuOpen","private25587","coop-server-evidence.log","","FAIL QA-UI-05","coop-fund-stale-later.png;coop-fund-reopened.png","Button remains disabled after actual second-player deposit; reopening recovers; payment then exact once"
"NativeCoop","forcedDownInterruptRevive","native","client/motion/PlayerClips.java","103","MECHANICS PASS / VISUAL FAIL","coop-revive-progress.png;coop-revive-interrupted.png;coop-revive-current.png","Two clients; forced trigger only; persistent model defect QA-ANIM-01"
"NativeCoop","dragReleaseReviveFlatGround","native","revive/ReviveService.java","474","MECHANICS PASS / VISUAL FAIL","coop-drag-moved.png;coop-drag-revived.png;server log16:47:02","QC moved1.90787blocks; release then revive; dragger speed0.1 restored; no ledge/water/raid trigger"

