"test","done","total","evidence"
"scenario_blueprint_build_architects_study_large","60","663","[15:16:59] [Server thread/ERROR] [minecraft/LogTestReporter]: scenario_blueprint_build_architects_study_large failed at 1832604, -60, -4808936! architects_study_large completes: ACTIVE FETCHING [] done 60/663"
"scenario_blueprint_build_architects_study_rustic","104","384","[15:16:59] [Server thread/ERROR] [minecraft/LogTestReporter]: scenario_blueprint_build_architects_study_rustic failed at 1832641, -60, -4808936! architects_study_rustic completes: ACTIVE FETCHING [] done 104/384"
"scenario_blueprint_build_architects_study_small","104","375","[15:16:59] [Server thread/ERROR] [minecraft/LogTestReporter]: scenario_blueprint_build_architects_study_small failed at 1832678, -60, -4808936! architects_study_small completes: ACTIVE FETCHING [] done 104/375"
"scenario_blueprint_build_architects_study_stone","164","663","[15:16:59] [Server thread/ERROR] [minecraft/LogTestReporter]: scenario_blueprint_build_architects_study_stone failed at 1832715, -60, -4808936! architects_study_stone completes: ACTIVE FETCHING [] done 164/663"
"scenario_blueprint_build_architects_study_timber","104","375","[15:16:59] [Server thread/ERROR] [minecraft/LogTestReporter]: scenario_blueprint_build_architects_study_timber failed at 1832752, -60, -4808936! architects_study_timber completes: ACTIVE FETCHING [] done 104/375"
"scenario_blueprint_build_armoury_large","98","497","[15:16:59] [Server thread/ERROR] [minecraft/LogTestReporter]: scenario_blueprint_build_armoury_large failed at 1832789, -60, -4808936! armoury_large completes: ACTIVE FETCHING [] done 98/497"
"scenario_blueprint_build_armoury_rustic","111","396","[15:16:59] [Server thread/ERROR] [minecraft/LogTestReporter]: scenario_blueprint_build_armoury_rustic failed at 1832826, -60, -4808936! armoury_rustic completes: ACTIVE FETCHING [] done 111/396"
"scenario_blueprint_build_armoury_small","106","396","[15:16:59] [Server thread/ERROR] [minecraft/LogTestReporter]: scenario_blueprint_build_armoury_small failed at 1832863, -60, -4808936! armoury_small completes: ACTIVE FETCHING [] done 106/396"
"scenario_blueprint_build_armoury_stone","85","497","[15:16:59] [Server thread/ERROR] [minecraft/LogTestReporter]: scenario_blueprint_build_armoury_stone failed at 1832604, -60, -4808898! armoury_stone completes: ACTIVE FETCHING [] done 85/497"
"scenario_blueprint_build_armoury_timber","111","396","[15:16:59] [Server thread/ERROR] [minecraft/LogTestReporter]: scenario_blueprint_build_armoury_timber failed at 1832641, -60, -4808898! armoury_timber completes: ACTIVE FETCHING [] done 111/396"
"scenario_blueprint_build_bakery_large","101","651","[15:16:59] [Server thread/ERROR] [minecraft/LogTestReporter]: scenario_blueprint_build_bakery_large failed at 1832678, -60, -4808898! bakery_large completes: ACTIVE FETCHING [] done 101/651"
"scenario_blueprint_build_bakery_rustic","113","376","[15:16:59] [Server thread/ERROR] [minecraft/LogTestReporter]: scenario_blueprint_build_bakery_rustic failed at 1832715, -60, -4808898! bakery_rustic completes: ACTIVE FETCHING [] done 113/376"
"scenario_blueprint_build_bakery_small","109","367","[15:16:59] [Server thread/ERROR] [minecraft/LogTestReporter]: scenario_blueprint_build_bakery_small failed at 1832752, -60, -4808898! bakery_small completes: ACTIVE FETCHING [] done 109/367"
"scenario_blueprint_build_bakery_stone","94","651","[15:16:59] [Server thread/ERROR] [minecraft/LogTestReporter]: scenario_blueprint_build_bakery_stone failed at 1832789, -60, -4808898! bakery_stone completes: ACTIVE FETCHING [] done 94/651"
"scenario_blueprint_build_bakery_timber","114","367","[15:16:59] [Server thread/ERROR] [minecraft/LogTestReporter]: scenario_blueprint_build_bakery_timber failed at 1832826, -60, -4808898! bakery_timber completes: ACTIVE FETCHING [] done 114/367"
"scenario_blueprint_build_barracks_large","68","1051","[15:16:59] [Server thread/ERROR] [minecraft/LogTestReporter]: scenario_blueprint_build_barracks_large failed at 1832863, -60, -4808898! barracks_large completes: ACTIVE FETCHING [] done 68/1051"
"scenario_blueprint_build_barracks_rustic","114","583","[15:16:59] [Server thread/ERROR] [minecraft/LogTestReporter]: scenario_blueprint_build_barracks_rustic failed at 1832604, -60, -4808860! barracks_rustic completes: ACTIVE FETCHING [] done 114/583"
"scenario_blueprint_build_barracks_small","95","572","[15:16:59] [Server thread/ERROR] [minecraft/LogTestReporter]: scenario_blueprint_build_barracks_small failed at 1832641, -60, -4808860! barracks_small completes: ACTIVE FETCHING [] done 95/572"
"scenario_blueprint_build_barracks_stone","111","1051","[15:16:59] [Server thread/ERROR] [minecraft/LogTestReporter]: scenario_blueprint_build_barracks_stone failed at 1832678, -60, -4808860! barracks_stone completes: ACTIVE FETCHING [] done 111/1051"
"scenario_blueprint_build_barracks_timber","125","572","[15:16:59] [Server thread/ERROR] [minecraft/LogTestReporter]: scenario_blueprint_build_barracks_timber failed at 1832715, -60, -4808860! barracks_timber completes: ACTIVE FETCHING [] done 125/572"
"scenario_blueprint_build_brewery_large","98","631","[15:16:59] [Server thread/ERROR] [minecraft/LogTestReporter]: scenario_blueprint_build_brewery_large failed at 1832826, -60, -4808860! brewery_large completes: ACTIVE FETCHING [] done 98/631"
"scenario_blueprint_build_brewery_rustic","98","398","[15:16:59] [Server thread/ERROR] [minecraft/LogTestReporter]: scenario_blueprint_build_brewery_rustic failed at 1832863, -60, -4808860! brewery_rustic completes: ACTIVE FETCHING [] done 98/398"
"scenario_blueprint_build_brewery_small","124","390","[15:16:59] [Server thread/ERROR] [minecraft/LogTestReporter]: scenario_blueprint_build_brewery_small failed at 1832604, -60, -4808822! brewery_small completes: ACTIVE FETCHING [] done 124/390"
"scenario_blueprint_build_brewery_stone","95","631","[15:16:59] [Server thread/ERROR] [minecraft/LogTestReporter]: scenario_blueprint_build_brewery_stone failed at 1832641, -60, -4808822! brewery_stone completes: ACTIVE FETCHING [] done 95/631"
"scenario_blueprint_build_brewery_timber","105","390","[15:16:59] [Server thread/ERROR] [minecraft/LogTestReporter]: scenario_blueprint_build_brewery_timber failed at 1832678, -60, -4808822! brewery_timber completes: ACTIVE FETCHING [] done 105/390"
"scenario_blueprint_build_builders_hut_rustic","122","331","[15:16:59] [Server thread/ERROR] [minecraft/LogTestReporter]: scenario_blueprint_build_builders_hut_rustic failed at 1832715, -60, -4808822! builders_hut_rustic completes: ACTIVE FETCHING [] done 122/331"
"scenario_blueprint_build_builders_hut_small","123","322","[15:16:59] [Server thread/ERROR] [minecraft/LogTestReporter]: scenario_blueprint_build_builders_hut_small failed at 1832752, -60, -4808822! builders_hut_small completes: ACTIVE FETCHING [] done 123/322"
"scenario_blueprint_build_builders_hut_stone","58","512","[15:16:59] [Server thread/ERROR] [minecraft/LogTestReporter]: scenario_blueprint_build_builders_hut_stone failed at 1832789, -60, -4808822! builders_hut_stone completes: ACTIVE FETCHING [] done 58/512"
"scenario_blueprint_build_builders_hut_timber","122","322","[15:16:59] [Server thread/ERROR] [minecraft/LogTestReporter]: scenario_blueprint_build_builders_hut_timber failed at 1832826, -60, -4808822! builders_hut_timber completes: ACTIVE FETCHING [] done 122/322"
"scenario_blueprint_build_builders_hut_yard","82","512","[15:16:59] [Server thread/ERROR] [minecraft/LogTestReporter]: scenario_blueprint_build_builders_hut_yard failed at 1832863, -60, -4808822! builders_hut_yard completes: ACTIVE FETCHING [] done 82/512"
"scenario_blueprint_build_butcher_large","97","488","[15:16:59] [Server thread/ERROR] [minecraft/LogTestReporter]: scenario_blueprint_build_butcher_large failed at 1832604, -60, -4808784! butcher_large completes: ACTIVE FETCHING [] done 97/488"
"scenario_blueprint_build_butcher_rustic","66","379","[15:16:59] [Server thread/ERROR] [minecraft/LogTestReporter]: scenario_blueprint_build_butcher_rustic failed at 1832641, -60, -4808784! butcher_rustic completes: ACTIVE FETCHING [] done 66/379"
"scenario_blueprint_build_butcher_small","108","360","[15:16:59] [Server thread/ERROR] [minecraft/LogTestReporter]: scenario_blueprint_build_butcher_small failed at 1832678, -60, -4808784! butcher_small completes: ACTIVE FETCHING [] done 108/360"
"scenario_blueprint_build_butcher_stone","103","488","[15:16:59] [Server thread/ERROR] [minecraft/LogTestReporter]: scenario_blueprint_build_butcher_stone failed at 1832715, -60, -4808784! butcher_stone completes: ACTIVE FETCHING [] done 103/488"
"scenario_blueprint_build_butcher_timber","108","360","[15:16:59] [Server thread/ERROR] [minecraft/LogTestReporter]: scenario_blueprint_build_butcher_timber failed at 1832752, -60, -4808784! butcher_timber completes: ACTIVE FETCHING [] done 108/360"
"scenario_blueprint_build_carpenter_large","115","435","[15:16:59] [Server thread/ERROR] [minecraft/LogTestReporter]: scenario_blueprint_build_carpenter_large failed at 1832789, -60, -4808784! carpenter_large completes: ACTIVE FETCHING [] done 115/435"
"scenario_blueprint_build_carpenter_rustic","127","368","[15:16:59] [Server thread/ERROR] [minecraft/LogTestReporter]: scenario_blueprint_build_carpenter_rustic failed at 1832826, -60, -4808784! carpenter_rustic completes: ACTIVE FETCHING [] done 127/368"
"scenario_blueprint_build_carpenter_small","124","359","[15:16:59] [Server thread/ERROR] [minecraft/LogTestReporter]: scenario_blueprint_build_carpenter_small failed at 1832863, -60, -4808784! carpenter_small completes: ACTIVE FETCHING [] done 124/359"
"scenario_blueprint_build_carpenter_stone","116","435","[15:16:59] [Server thread/ERROR] [minecraft/LogTestReporter]: scenario_blueprint_build_carpenter_stone failed at 1832604, -60, -4808746! carpenter_stone completes: ACTIVE FETCHING [] done 116/435"
"scenario_blueprint_build_carpenter_timber","124","359","[15:16:59] [Server thread/ERROR] [minecraft/LogTestReporter]: scenario_blueprint_build_carpenter_timber failed at 1832641, -60, -4808746! carpenter_timber completes: ACTIVE FETCHING [] done 124/359"
"scenario_blueprint_build_dining_hall_large","112","560","[15:16:59] [Server thread/ERROR] [minecraft/LogTestReporter]: scenario_blueprint_build_dining_hall_large failed at 1832678, -60, -4808746! dining_hall_large completes: ACTIVE FETCHING [] done 112/560"
"scenario_blueprint_build_dining_hall_rustic","108","400","[15:16:59] [Server thread/ERROR] [minecraft/LogTestReporter]: scenario_blueprint_build_dining_hall_rustic failed at 1832715, -60, -4808746! dining_hall_rustic completes: ACTIVE FETCHING [] done 108/400"
"scenario_blueprint_build_dining_hall_small","86","391","[15:16:59] [Server thread/ERROR] [minecraft/LogTestReporter]: scenario_blueprint_build_dining_hall_small failed at 1832752, -60, -4808746! dining_hall_small completes: ACTIVE FETCHING [] done 86/391"
"scenario_blueprint_build_dining_hall_stone","83","560","[15:16:59] [Server thread/ERROR] [minecraft/LogTestReporter]: scenario_blueprint_build_dining_hall_stone failed at 1832789, -60, -4808746! dining_hall_stone completes: ACTIVE FETCHING [] done 83/560"
"scenario_blueprint_build_dining_hall_timber","123","391","[15:16:59] [Server thread/ERROR] [minecraft/LogTestReporter]: scenario_blueprint_build_dining_hall_timber failed at 1832826, -60, -4808746! dining_hall_timber completes: ACTIVE FETCHING [] done 123/391"
"scenario_blueprint_build_farmhouse_large","95","732","[15:16:59] [Server thread/ERROR] [minecraft/LogTestReporter]: scenario_blueprint_build_farmhouse_large failed at 1832863, -60, -4808746! farmhouse_large completes: ACTIVE FETCHING [] done 95/732"
"scenario_blueprint_build_farmhouse_rustic","85","408","[15:16:59] [Server thread/ERROR] [minecraft/LogTestReporter]: scenario_blueprint_build_farmhouse_rustic failed at 1832604, -60, -4808708! farmhouse_rustic completes: ACTIVE FETCHING [] done 85/408"
"scenario_blueprint_build_farmhouse_small","99","401","[15:16:59] [Server thread/ERROR] [minecraft/LogTestReporter]: scenario_blueprint_build_farmhouse_small failed at 1832641, -60, -4808708! farmhouse_small completes: ACTIVE FETCHING [] done 99/401"
"scenario_blueprint_build_farmhouse_stone","87","732","[15:26:39] [Server thread/ERROR] [minecraft/LogTestReporter]: scenario_blueprint_build_farmhouse_stone failed at 1832678, -60, -4808708! farmhouse_stone completes: ACTIVE FETCHING [] done 87/732"
"scenario_blueprint_build_farmhouse_timber","155","401","[15:26:39] [Server thread/ERROR] [minecraft/LogTestReporter]: scenario_blueprint_build_farmhouse_timber failed at 1832715, -60, -4808708! farmhouse_timber completes: ACTIVE FETCHING [] done 155/401"
"scenario_blueprint_build_fishery_large","53","580","[15:26:39] [Server thread/ERROR] [minecraft/LogTestReporter]: scenario_blueprint_build_fishery_large failed at 1832752, -60, -4808708! fishery_large completes: ACTIVE FETCHING [] done 53/580"
"scenario_blueprint_build_fishery_rustic","54","570","[15:26:39] [Server thread/ERROR] [minecraft/LogTestReporter]: scenario_blueprint_build_fishery_rustic failed at 1832789, -60, -4808708! fishery_rustic completes: ACTIVE FETCHING [] done 54/570"
"scenario_blueprint_build_fishery_small","54","562","[15:26:39] [Server thread/ERROR] [minecraft/LogTestReporter]: scenario_blueprint_build_fishery_small failed at 1832826, -60, -4808708! fishery_small completes: ACTIVE FETCHING [] done 54/562"
"scenario_blueprint_build_fishery_stone","53","580","[15:26:39] [Server thread/ERROR] [minecraft/LogTestReporter]: scenario_blueprint_build_fishery_stone failed at 1832863, -60, -4808708! fishery_stone completes: ACTIVE FETCHING [] done 53/580"
"scenario_blueprint_build_fishery_timber","54","562","[15:26:39] [Server thread/ERROR] [minecraft/LogTestReporter]: scenario_blueprint_build_fishery_timber failed at 1832604, -60, -4808670! fishery_timber completes: ACTIVE FETCHING [] done 54/562"
"scenario_blueprint_build_fletcher_large","64","494","[15:26:39] [Server thread/ERROR] [minecraft/LogTestReporter]: scenario_blueprint_build_fletcher_large failed at 1832641, -60, -4808670! fletcher_large completes: ACTIVE FETCHING [] done 64/494"
"scenario_blueprint_build_fletcher_rustic","92","402","[15:26:39] [Server thread/ERROR] [minecraft/LogTestReporter]: scenario_blueprint_build_fletcher_rustic failed at 1832678, -60, -4808670! fletcher_rustic completes: ACTIVE FETCHING [] done 92/402"
"scenario_blueprint_build_fletcher_small","92","393","[15:26:39] [Server thread/ERROR] [minecraft/LogTestReporter]: scenario_blueprint_build_fletcher_small failed at 1832715, -60, -4808670! fletcher_small completes: ACTIVE FETCHING [] done 92/393"
"scenario_blueprint_build_fletcher_stone","56","494","[15:26:39] [Server thread/ERROR] [minecraft/LogTestReporter]: scenario_blueprint_build_fletcher_stone failed at 1832752, -60, -4808670! fletcher_stone completes: ACTIVE FETCHING [] done 56/494"
"scenario_blueprint_build_fletcher_timber","92","393","[15:26:39] [Server thread/ERROR] [minecraft/LogTestReporter]: scenario_blueprint_build_fletcher_timber failed at 1832789, -60, -4808670! fletcher_timber completes: ACTIVE FETCHING [] done 92/393"
"scenario_blueprint_build_house_cottage","118","405","[15:26:39] [Server thread/ERROR] [minecraft/LogTestReporter]: scenario_blueprint_build_house_cottage failed at 1832826, -60, -4808670! house_cottage completes: ACTIVE FETCHING [] done 118/405"
"scenario_blueprint_build_house_rustic","79","413","[15:26:39] [Server thread/ERROR] [minecraft/LogTestReporter]: scenario_blueprint_build_house_rustic failed at 1832863, -60, -4808670! house_rustic completes: ACTIVE FETCHING [] done 79/413"
"scenario_blueprint_build_house_stone","76","617","[15:26:39] [Server thread/ERROR] [minecraft/LogTestReporter]: scenario_blueprint_build_house_stone failed at 1832604, -60, -4808632! house_stone completes: ACTIVE FETCHING [] done 76/617"
"scenario_blueprint_build_house_timber","100","405","[15:26:39] [Server thread/ERROR] [minecraft/LogTestReporter]: scenario_blueprint_build_house_timber failed at 1832641, -60, -4808632! house_timber completes: ACTIVE FETCHING [] done 100/405"
"scenario_blueprint_build_house_two_storey","75","617","[15:26:39] [Server thread/ERROR] [minecraft/LogTestReporter]: scenario_blueprint_build_house_two_storey failed at 1832678, -60, -4808632! house_two_storey completes: ACTIVE FETCHING [] done 75/617"
"scenario_blueprint_build_hunters_lodge_large","126","427","[15:26:39] [Server thread/ERROR] [minecraft/LogTestReporter]: scenario_blueprint_build_hunters_lodge_large failed at 1832715, -60, -4808632! hunters_lodge_large completes: ACTIVE FETCHING [] done 126/427"
"scenario_blueprint_build_hunters_lodge_rustic","122","380","[15:26:39] [Server thread/ERROR] [minecraft/LogTestReporter]: scenario_blueprint_build_hunters_lodge_rustic failed at 1832752, -60, -4808632! hunters_lodge_rustic completes: ACTIVE FETCHING [] done 122/380"
"scenario_blueprint_build_hunters_lodge_small","122","372","[15:26:39] [Server thread/ERROR] [minecraft/LogTestReporter]: scenario_blueprint_build_hunters_lodge_small failed at 1832789, -60, -4808632! hunters_lodge_small completes: ACTIVE FETCHING [] done 122/372"
"scenario_blueprint_build_hunters_lodge_stone","117","427","[15:26:39] [Server thread/ERROR] [minecraft/LogTestReporter]: scenario_blueprint_build_hunters_lodge_stone failed at 1832826, -60, -4808632! hunters_lodge_stone completes: ACTIVE FETCHING [] done 117/427"
"scenario_blueprint_build_hunters_lodge_timber","122","372","[15:26:39] [Server thread/ERROR] [minecraft/LogTestReporter]: scenario_blueprint_build_hunters_lodge_timber failed at 1832863, -60, -4808632! hunters_lodge_timber completes: ACTIVE FETCHING [] done 122/372"
"scenario_blueprint_build_infirmary_large","67","749","[15:26:39] [Server thread/ERROR] [minecraft/LogTestReporter]: scenario_blueprint_build_infirmary_large failed at 1832604, -60, -4808594! infirmary_large completes: ACTIVE FETCHING [] done 67/749"
"scenario_blueprint_build_infirmary_rustic","118","430","[15:26:39] [Server thread/ERROR] [minecraft/LogTestReporter]: scenario_blueprint_build_infirmary_rustic failed at 1832641, -60, -4808594! infirmary_rustic completes: ACTIVE FETCHING [] done 118/430"
"scenario_blueprint_build_infirmary_small","149","422","[15:26:39] [Server thread/ERROR] [minecraft/LogTestReporter]: scenario_blueprint_build_infirmary_small failed at 1832678, -60, -4808594! infirmary_small completes: ACTIVE FETCHING [] done 149/422"
"scenario_blueprint_build_infirmary_stone","76","749","[15:26:39] [Server thread/ERROR] [minecraft/LogTestReporter]: scenario_blueprint_build_infirmary_stone failed at 1832715, -60, -4808594! infirmary_stone completes: ACTIVE FETCHING [] done 76/749"
"scenario_blueprint_build_infirmary_timber","163","422","[15:26:39] [Server thread/ERROR] [minecraft/LogTestReporter]: scenario_blueprint_build_infirmary_timber failed at 1832752, -60, -4808594! infirmary_timber completes: ACTIVE FETCHING [] done 163/422"
"scenario_blueprint_build_kitchen_large","109","421","[15:26:39] [Server thread/ERROR] [minecraft/LogTestReporter]: scenario_blueprint_build_kitchen_large failed at 1832789, -60, -4808594! kitchen_large completes: ACTIVE FETCHING [] done 109/421"
"scenario_blueprint_build_kitchen_rustic","69","410","[15:26:39] [Server thread/ERROR] [minecraft/LogTestReporter]: scenario_blueprint_build_kitchen_rustic failed at 1832826, -60, -4808594! kitchen_rustic completes: ACTIVE FETCHING [] done 69/410"
"scenario_blueprint_build_kitchen_small","48","403","[15:26:39] [Server thread/ERROR] [minecraft/LogTestReporter]: scenario_blueprint_build_kitchen_small failed at 1832863, -60, -4808594! kitchen_small completes: ACTIVE FETCHING [] done 48/403"
"scenario_blueprint_build_kitchen_stone","116","421","[15:26:39] [Server thread/ERROR] [minecraft/LogTestReporter]: scenario_blueprint_build_kitchen_stone failed at 1832604, -60, -4808556! kitchen_stone completes: ACTIVE FETCHING [] done 116/421"
"scenario_blueprint_build_kitchen_timber","69","403","[15:26:39] [Server thread/ERROR] [minecraft/LogTestReporter]: scenario_blueprint_build_kitchen_timber failed at 1832641, -60, -4808556! kitchen_timber completes: ACTIVE FETCHING [] done 69/403"
"scenario_blueprint_build_library_large","56","730","[15:26:39] [Server thread/ERROR] [minecraft/LogTestReporter]: scenario_blueprint_build_library_large failed at 1832678, -60, -4808556! library_large completes: ACTIVE FETCHING [] done 56/730"
"scenario_blueprint_build_library_rustic","113","412","[15:26:39] [Server thread/ERROR] [minecraft/LogTestReporter]: scenario_blueprint_build_library_rustic failed at 1832715, -60, -4808556! library_rustic completes: ACTIVE FETCHING [] done 113/412"
"scenario_blueprint_build_library_small","110","403","[15:26:39] [Server thread/ERROR] [minecraft/LogTestReporter]: scenario_blueprint_build_library_small failed at 1832752, -60, -4808556! library_small completes: ACTIVE FETCHING [] done 110/403"
"scenario_blueprint_build_library_stone","99","730","[15:26:39] [Server thread/ERROR] [minecraft/LogTestReporter]: scenario_blueprint_build_library_stone failed at 1832789, -60, -4808556! library_stone completes: ACTIVE FETCHING [] done 99/730"
"scenario_blueprint_build_library_timber","118","403","[15:26:39] [Server thread/ERROR] [minecraft/LogTestReporter]: scenario_blueprint_build_library_timber failed at 1832826, -60, -4808556! library_timber completes: ACTIVE FETCHING [] done 118/403"
"scenario_blueprint_build_lodging_hall","118","682","[15:26:39] [Server thread/ERROR] [minecraft/LogTestReporter]: scenario_blueprint_build_lodging_hall failed at 1832863, -60, -4808556! lodging_hall completes: ACTIVE FETCHING [] done 118/682"
"scenario_blueprint_build_lodging_rustic","114","435","[15:26:39] [Server thread/ERROR] [minecraft/LogTestReporter]: scenario_blueprint_build_lodging_rustic failed at 1832604, -60, -4808518! lodging_rustic completes: ACTIVE FETCHING [] done 114/435"
"scenario_blueprint_build_lodging_small","62","426","[15:26:39] [Server thread/ERROR] [minecraft/LogTestReporter]: scenario_blueprint_build_lodging_small failed at 1832641, -60, -4808518! lodging_small completes: ACTIVE FETCHING [] done 62/426"
"scenario_blueprint_build_lodging_stone","75","682","[15:26:39] [Server thread/ERROR] [minecraft/LogTestReporter]: scenario_blueprint_build_lodging_stone failed at 1832678, -60, -4808518! lodging_stone completes: ACTIVE FETCHING [] done 75/682"
"scenario_blueprint_build_lodging_timber","126","426","[15:26:39] [Server thread/ERROR] [minecraft/LogTestReporter]: scenario_blueprint_build_lodging_timber failed at 1832715, -60, -4808518! lodging_timber completes: ACTIVE FETCHING [] done 126/426"
"scenario_blueprint_build_lumber_camp_large","70","537","[15:26:39] [Server thread/ERROR] [minecraft/LogTestReporter]: scenario_blueprint_build_lumber_camp_large failed at 1832752, -60, -4808518! lumber_camp_large completes: ACTIVE FETCHING [] done 70/537"
"scenario_blueprint_build_lumber_camp_rustic","126","344","[15:26:39] [Server thread/ERROR] [minecraft/LogTestReporter]: scenario_blueprint_build_lumber_camp_rustic failed at 1832789, -60, -4808518! lumber_camp_rustic completes: ACTIVE FETCHING [] done 126/344"
"scenario_blueprint_build_lumber_camp_small","126","324","[15:26:39] [Server thread/ERROR] [minecraft/LogTestReporter]: scenario_blueprint_build_lumber_camp_small failed at 1832826, -60, -4808518! lumber_camp_small completes: ACTIVE FETCHING [] done 126/324"
"scenario_blueprint_build_lumber_camp_stone","70","537","[15:26:39] [Server thread/ERROR] [minecraft/LogTestReporter]: scenario_blueprint_build_lumber_camp_stone failed at 1832863, -60, -4808518! lumber_camp_stone completes: ACTIVE FETCHING [] done 70/537"
"scenario_blueprint_build_lumber_camp_timber","117","324","[15:26:39] [Server thread/ERROR] [minecraft/LogTestReporter]: scenario_blueprint_build_lumber_camp_timber failed at 1832604, -60, -4808480! lumber_camp_timber completes: ACTIVE FETCHING [] done 117/324"
"scenario_blueprint_build_market_large","114","705","[15:26:39] [Server thread/ERROR] [minecraft/LogTestReporter]: scenario_blueprint_build_market_large failed at 1832641, -60, -4808480! market_large completes: ACTIVE FETCHING [] done 114/705"
"scenario_blueprint_build_market_rustic","124","293","[15:26:39] [Server thread/ERROR] [minecraft/LogTestReporter]: scenario_blueprint_build_market_rustic failed at 1832678, -60, -4808480! market_rustic completes: ACTIVE FETCHING [] done 124/293"
"scenario_blueprint_build_market_small","124","293","[15:26:39] [Server thread/ERROR] [minecraft/LogTestReporter]: scenario_blueprint_build_market_small failed at 1832715, -60, -4808480! market_small completes: ACTIVE FETCHING [] done 124/293"
"scenario_blueprint_build_market_stone","109","705","[15:37:44] [Server thread/ERROR] [minecraft/LogTestReporter]: scenario_blueprint_build_market_stone failed at 1832752, -60, -4808480! market_stone completes: ACTIVE FETCHING [] done 109/705"
"scenario_blueprint_build_market_timber","128","293","[15:37:44] [Server thread/ERROR] [minecraft/LogTestReporter]: scenario_blueprint_build_market_timber failed at 1832789, -60, -4808480! market_timber completes: ACTIVE FETCHING [] done 128/293"
"scenario_blueprint_build_mason_large","87","419","[15:37:44] [Server thread/ERROR] [minecraft/LogTestReporter]: scenario_blueprint_build_mason_large failed at 1832826, -60, -4808480! mason_large completes: ACTIVE FETCHING [] done 87/419"
"scenario_blueprint_build_mason_rustic","107","313","[15:37:44] [Server thread/ERROR] [minecraft/LogTestReporter]: scenario_blueprint_build_mason_rustic failed at 1832863, -60, -4808480! mason_rustic completes: ACTIVE FETCHING [] done 107/313"
"scenario_blueprint_build_mason_small","120","295","[15:37:44] [Server thread/ERROR] [minecraft/LogTestReporter]: scenario_blueprint_build_mason_small failed at 1832604, -60, -4808442! mason_small completes: ACTIVE FETCHING [] done 120/295"
"scenario_blueprint_build_mason_stone","38","419","[15:37:44] [Server thread/ERROR] [minecraft/LogTestReporter]: scenario_blueprint_build_mason_stone failed at 1832641, -60, -4808442! mason_stone completes: ACTIVE FETCHING [] done 38/419"
"scenario_blueprint_build_mason_timber","121","295","[15:37:44] [Server thread/ERROR] [minecraft/LogTestReporter]: scenario_blueprint_build_mason_timber failed at 1832678, -60, -4808442! mason_timber completes: ACTIVE FETCHING [] done 121/295"
"scenario_blueprint_build_mill_large","100","584","[15:37:44] [Server thread/ERROR] [minecraft/LogTestReporter]: scenario_blueprint_build_mill_large failed at 1832715, -60, -4808442! mill_large completes: ACTIVE FETCHING [] done 100/584"
"scenario_blueprint_build_mill_rustic","110","485","[15:37:44] [Server thread/ERROR] [minecraft/LogTestReporter]: scenario_blueprint_build_mill_rustic failed at 1832752, -60, -4808442! mill_rustic completes: ACTIVE FETCHING [] done 110/485"
"scenario_blueprint_build_mill_small","110","465","[15:37:44] [Server thread/ERROR] [minecraft/LogTestReporter]: scenario_blueprint_build_mill_small failed at 1832789, -60, -4808442! mill_small completes: ACTIVE FETCHING [] done 110/465"
"scenario_blueprint_build_mill_stone","117","584","[15:37:44] [Server thread/ERROR] [minecraft/LogTestReporter]: scenario_blueprint_build_mill_stone failed at 1832826, -60, -4808442! mill_stone completes: ACTIVE FETCHING [] done 117/584"
"scenario_blueprint_build_mill_timber","110","465","[15:37:44] [Server thread/ERROR] [minecraft/LogTestReporter]: scenario_blueprint_build_mill_timber failed at 1832863, -60, -4808442! mill_timber completes: ACTIVE FETCHING [] done 110/465"
"scenario_blueprint_build_mine_large","165","496","[15:37:44] [Server thread/ERROR] [minecraft/LogTestReporter]: scenario_blueprint_build_mine_large failed at 1832604, -60, -4808404! mine_large completes: ACTIVE FETCHING [] done 165/496"
"scenario_blueprint_build_mine_rustic","63","492","[15:37:44] [Server thread/ERROR] [minecraft/LogTestReporter]: scenario_blueprint_build_mine_rustic failed at 1832641, -60, -4808404! mine_rustic completes: ACTIVE FETCHING [] done 63/492"
"scenario_blueprint_build_mine_small","64","471","[15:37:44] [Server thread/ERROR] [minecraft/LogTestReporter]: scenario_blueprint_build_mine_small failed at 1832678, -60, -4808404! mine_small completes: ACTIVE FETCHING [] done 64/471"
"scenario_blueprint_build_mine_stone","183","496","[15:37:44] [Server thread/ERROR] [minecraft/LogTestReporter]: scenario_blueprint_build_mine_stone failed at 1832715, -60, -4808404! mine_stone completes: ACTIVE FETCHING [] done 183/496"
"scenario_blueprint_build_mine_timber","64","471","[15:37:44] [Server thread/ERROR] [minecraft/LogTestReporter]: scenario_blueprint_build_mine_timber failed at 1832752, -60, -4808404! mine_timber completes: ACTIVE FETCHING [] done 64/471"
"scenario_blueprint_build_pasture_large","48","709","[15:37:44] [Server thread/ERROR] [minecraft/LogTestReporter]: scenario_blueprint_build_pasture_large failed at 1832863, -60, -4808404! pasture_large completes: ACTIVE FETCHING [] done 48/709"
"scenario_blueprint_build_pasture_rustic","38","892","[15:37:44] [Server thread/ERROR] [minecraft/LogTestReporter]: scenario_blueprint_build_pasture_rustic failed at 1832604, -60, -4808366! pasture_rustic completes: ACTIVE FETCHING [] done 38/892"
"scenario_blueprint_build_pasture_small","38","876","[15:37:44] [Server thread/ERROR] [minecraft/LogTestReporter]: scenario_blueprint_build_pasture_small failed at 1832641, -60, -4808366! pasture_small completes: ACTIVE FETCHING [] done 38/876"
"scenario_blueprint_build_pasture_stone","88","709","[15:37:44] [Server thread/ERROR] [minecraft/LogTestReporter]: scenario_blueprint_build_pasture_stone failed at 1832678, -60, -4808366! pasture_stone completes: ACTIVE FETCHING [] done 88/709"
"scenario_blueprint_build_pasture_timber","36","876","[15:37:44] [Server thread/ERROR] [minecraft/LogTestReporter]: scenario_blueprint_build_pasture_timber failed at 1832715, -60, -4808366! pasture_timber completes: ACTIVE FETCHING [] done 36/876"
"scenario_blueprint_build_pike_yard_large","73","1056","[15:37:44] [Server thread/ERROR] [minecraft/LogTestReporter]: scenario_blueprint_build_pike_yard_large failed at 1832752, -60, -4808366! pike_yard_large completes: ACTIVE FETCHING [] done 73/1056"
"scenario_blueprint_build_pike_yard_rustic","104","557","[15:37:44] [Server thread/ERROR] [minecraft/LogTestReporter]: scenario_blueprint_build_pike_yard_rustic failed at 1832789, -60, -4808366! pike_yard_rustic completes: ACTIVE FETCHING [] done 104/557"
"scenario_blueprint_build_pike_yard_small","61","546","[15:37:44] [Server thread/ERROR] [minecraft/LogTestReporter]: scenario_blueprint_build_pike_yard_small failed at 1832826, -60, -4808366! pike_yard_small completes: ACTIVE FETCHING [] done 61/546"
"scenario_blueprint_build_pike_yard_stone","89","1056","[15:37:44] [Server thread/ERROR] [minecraft/LogTestReporter]: scenario_blueprint_build_pike_yard_stone failed at 1832863, -60, -4808366! pike_yard_stone completes: ACTIVE FETCHING [] done 89/1056"
"scenario_blueprint_build_pike_yard_timber","125","546","[15:37:44] [Server thread/ERROR] [minecraft/LogTestReporter]: scenario_blueprint_build_pike_yard_timber failed at 1832604, -60, -4808328! pike_yard_timber completes: ACTIVE FETCHING [] done 125/546"
"scenario_blueprint_build_rune_hall_large","108","473","[15:37:44] [Server thread/ERROR] [minecraft/LogTestReporter]: scenario_blueprint_build_rune_hall_large failed at 1832641, -60, -4808328! rune_hall_large completes: ACTIVE FETCHING [] done 108/473"
"scenario_blueprint_build_rune_hall_rustic","119","397","[15:37:44] [Server thread/ERROR] [minecraft/LogTestReporter]: scenario_blueprint_build_rune_hall_rustic failed at 1832678, -60, -4808328! rune_hall_rustic completes: ACTIVE FETCHING [] done 119/397"
"scenario_blueprint_build_rune_hall_small","122","397","[15:37:44] [Server thread/ERROR] [minecraft/LogTestReporter]: scenario_blueprint_build_rune_hall_small failed at 1832715, -60, -4808328! rune_hall_small completes: ACTIVE FETCHING [] done 122/397"
"scenario_blueprint_build_rune_hall_stone","121","473","[15:37:44] [Server thread/ERROR] [minecraft/LogTestReporter]: scenario_blueprint_build_rune_hall_stone failed at 1832752, -60, -4808328! rune_hall_stone completes: ACTIVE FETCHING [] done 121/473"
"scenario_blueprint_build_rune_hall_timber","125","397","[15:37:44] [Server thread/ERROR] [minecraft/LogTestReporter]: scenario_blueprint_build_rune_hall_timber failed at 1832789, -60, -4808328! rune_hall_timber completes: ACTIVE FETCHING [] done 125/397"
"scenario_blueprint_build_sawmill_large","118","443","[15:37:44] [Server thread/ERROR] [minecraft/LogTestReporter]: scenario_blueprint_build_sawmill_large failed at 1832826, -60, -4808328! sawmill_large completes: ACTIVE FETCHING [] done 118/443"
"scenario_blueprint_build_sawmill_rustic","128","331","[15:37:44] [Server thread/ERROR] [minecraft/LogTestReporter]: scenario_blueprint_build_sawmill_rustic failed at 1832863, -60, -4808328! sawmill_rustic completes: ACTIVE FETCHING [] done 128/331"
"scenario_blueprint_build_sawmill_small","64","331","[15:37:44] [Server thread/ERROR] [minecraft/LogTestReporter]: scenario_blueprint_build_sawmill_small failed at 1832604, -60, -4808290! sawmill_small completes: ACTIVE FETCHING [] done 64/331"
"scenario_blueprint_build_sawmill_stone","118","443","[15:37:44] [Server thread/ERROR] [minecraft/LogTestReporter]: scenario_blueprint_build_sawmill_stone failed at 1832641, -60, -4808290! sawmill_stone completes: ACTIVE FETCHING [] done 118/443"
"scenario_blueprint_build_sawmill_timber","128","331","[15:37:44] [Server thread/ERROR] [minecraft/LogTestReporter]: scenario_blueprint_build_sawmill_timber failed at 1832678, -60, -4808290! sawmill_timber completes: ACTIVE FETCHING [] done 128/331"
"scenario_blueprint_build_school_large","106","584","[15:37:44] [Server thread/ERROR] [minecraft/LogTestReporter]: scenario_blueprint_build_school_large failed at 1832715, -60, -4808290! school_large completes: ACTIVE FETCHING [] done 106/584"
"scenario_blueprint_build_school_rustic","87","541","[15:37:44] [Server thread/ERROR] [minecraft/LogTestReporter]: scenario_blueprint_build_school_rustic failed at 1832752, -60, -4808290! school_rustic completes: ACTIVE FETCHING [] done 87/541"
"scenario_blueprint_build_school_small","108","532","[15:37:44] [Server thread/ERROR] [minecraft/LogTestReporter]: scenario_blueprint_build_school_small failed at 1832789, -60, -4808290! school_small completes: ACTIVE FETCHING [] done 108/532"
"scenario_blueprint_build_school_stone","100","584","[15:37:44] [Server thread/ERROR] [minecraft/LogTestReporter]: scenario_blueprint_build_school_stone failed at 1832826, -60, -4808290! school_stone completes: ACTIVE FETCHING [] done 100/584"
"scenario_blueprint_build_school_timber","87","532","[15:37:44] [Server thread/ERROR] [minecraft/LogTestReporter]: scenario_blueprint_build_school_timber failed at 1832863, -60, -4808290! school_timber completes: ACTIVE FETCHING [] done 87/532"
"scenario_blueprint_build_smelter_large","101","410","[15:37:44] [Server thread/ERROR] [minecraft/LogTestReporter]: scenario_blueprint_build_smelter_large failed at 1832604, -60, -4808252! smelter_large completes: ACTIVE FETCHING [] done 101/410"
"scenario_blueprint_build_smelter_rustic","123","324","[15:37:44] [Server thread/ERROR] [minecraft/LogTestReporter]: scenario_blueprint_build_smelter_rustic failed at 1832641, -60, -4808252! smelter_rustic completes: ACTIVE FETCHING [] done 123/324"
"scenario_blueprint_build_smelter_small","124","305","[15:37:44] [Server thread/ERROR] [minecraft/LogTestReporter]: scenario_blueprint_build_smelter_small failed at 1832678, -60, -4808252! smelter_small completes: ACTIVE FETCHING [] done 124/305"
"scenario_blueprint_build_smelter_stone","126","410","[15:37:44] [Server thread/ERROR] [minecraft/LogTestReporter]: scenario_blueprint_build_smelter_stone failed at 1832715, -60, -4808252! smelter_stone completes: ACTIVE FETCHING [] done 126/410"
"scenario_blueprint_build_smelter_timber","124","305","[15:37:44] [Server thread/ERROR] [minecraft/LogTestReporter]: scenario_blueprint_build_smelter_timber failed at 1832752, -60, -4808252! smelter_timber completes: ACTIVE FETCHING [] done 124/305"
"scenario_blueprint_build_smithy_large","125","520","[15:37:44] [Server thread/ERROR] [minecraft/LogTestReporter]: scenario_blueprint_build_smithy_large failed at 1832789, -60, -4808252! smithy_large completes: ACTIVE FETCHING [] done 125/520"
"scenario_blueprint_build_smithy_rustic","100","416","[15:47:17] [Server thread/ERROR] [minecraft/LogTestReporter]: scenario_blueprint_build_smithy_rustic failed at 1832826, -60, -4808252! smithy_rustic completes: ACTIVE FETCHING [] done 100/416"
"scenario_blueprint_build_smithy_small","118","403","[15:47:17] [Server thread/ERROR] [minecraft/LogTestReporter]: scenario_blueprint_build_smithy_small failed at 1832863, -60, -4808252! smithy_small completes: ACTIVE FETCHING [] done 118/403"
"scenario_blueprint_build_smithy_stone","61","520","[15:47:17] [Server thread/ERROR] [minecraft/LogTestReporter]: scenario_blueprint_build_smithy_stone failed at 1832604, -60, -4808214! smithy_stone completes: ACTIVE FETCHING [] done 61/520"
"scenario_blueprint_build_smithy_timber","128","403","[15:47:17] [Server thread/ERROR] [minecraft/LogTestReporter]: scenario_blueprint_build_smithy_timber failed at 1832641, -60, -4808214! smithy_timber completes: ACTIVE FETCHING [] done 128/403"
"scenario_blueprint_build_stone_gatehouse","110","432","[15:47:17] [Server thread/ERROR] [minecraft/LogTestReporter]: scenario_blueprint_build_stone_gatehouse failed at 1832678, -60, -4808214! stone_gatehouse completes: ACTIVE FETCHING [] done 110/432"
"scenario_blueprint_build_sword_hall_large","112","1052","[15:47:17] [Server thread/ERROR] [minecraft/LogTestReporter]: scenario_blueprint_build_sword_hall_large failed at 1832789, -60, -4808214! sword_hall_large completes: ACTIVE FETCHING [] done 112/1052"
"scenario_blueprint_build_sword_hall_rustic","96","522","[15:47:17] [Server thread/ERROR] [minecraft/LogTestReporter]: scenario_blueprint_build_sword_hall_rustic failed at 1832826, -60, -4808214! sword_hall_rustic completes: ACTIVE FETCHING [] done 96/522"
"scenario_blueprint_build_sword_hall_small","102","506","[15:47:17] [Server thread/ERROR] [minecraft/LogTestReporter]: scenario_blueprint_build_sword_hall_small failed at 1832863, -60, -4808214! sword_hall_small completes: ACTIVE FETCHING [] done 102/506"
"scenario_blueprint_build_sword_hall_stone","111","1052","[15:47:17] [Server thread/ERROR] [minecraft/LogTestReporter]: scenario_blueprint_build_sword_hall_stone failed at 1832604, -60, -4808176! sword_hall_stone completes: ACTIVE FETCHING [] done 111/1052"
"scenario_blueprint_build_sword_hall_timber","119","506","[15:47:17] [Server thread/ERROR] [minecraft/LogTestReporter]: scenario_blueprint_build_sword_hall_timber failed at 1832641, -60, -4808176! sword_hall_timber completes: ACTIVE FETCHING [] done 119/506"
"scenario_blueprint_build_tannery_large","125","462","[15:47:17] [Server thread/ERROR] [minecraft/LogTestReporter]: scenario_blueprint_build_tannery_large failed at 1832678, -60, -4808176! tannery_large completes: ACTIVE FETCHING [] done 125/462"
"scenario_blueprint_build_tannery_rustic","77","320","[15:47:17] [Server thread/ERROR] [minecraft/LogTestReporter]: scenario_blueprint_build_tannery_rustic failed at 1832715, -60, -4808176! tannery_rustic completes: ACTIVE FETCHING [] done 77/320"
"scenario_blueprint_build_tannery_small","82","301","[15:47:17] [Server thread/ERROR] [minecraft/LogTestReporter]: scenario_blueprint_build_tannery_small failed at 1832752, -60, -4808176! tannery_small completes: ACTIVE FETCHING [] done 82/301"
"scenario_blueprint_build_tannery_stone","60","462","[15:47:17] [Server thread/ERROR] [minecraft/LogTestReporter]: scenario_blueprint_build_tannery_stone failed at 1832789, -60, -4808176! tannery_stone completes: ACTIVE FETCHING [] done 60/462"
"scenario_blueprint_build_tannery_timber","141","301","[15:47:17] [Server thread/ERROR] [minecraft/LogTestReporter]: scenario_blueprint_build_tannery_timber failed at 1832826, -60, -4808176! tannery_timber completes: ACTIVE FETCHING [] done 141/301"
"scenario_blueprint_build_tavern_inn","116","957","[15:47:17] [Server thread/ERROR] [minecraft/LogTestReporter]: scenario_blueprint_build_tavern_inn failed at 1832863, -60, -4808176! tavern_inn completes: ACTIVE FETCHING [] done 116/957"
"scenario_blueprint_build_tavern_rustic","107","566","[15:47:18] [Server thread/ERROR] [minecraft/LogTestReporter]: scenario_blueprint_build_tavern_rustic failed at 1832604, -60, -4808138! tavern_rustic completes: ACTIVE FETCHING [] done 107/566"
"scenario_blueprint_build_tavern_small","81","556","[15:47:18] [Server thread/ERROR] [minecraft/LogTestReporter]: scenario_blueprint_build_tavern_small failed at 1832641, -60, -4808138! tavern_small completes: ACTIVE FETCHING [] done 81/556"
"scenario_blueprint_build_tavern_stone","71","957","[15:47:18] [Server thread/ERROR] [minecraft/LogTestReporter]: scenario_blueprint_build_tavern_stone failed at 1832678, -60, -4808138! tavern_stone completes: ACTIVE FETCHING [] done 71/957"
"scenario_blueprint_build_tavern_timber","98","556","[15:47:18] [Server thread/ERROR] [minecraft/LogTestReporter]: scenario_blueprint_build_tavern_timber failed at 1832715, -60, -4808138! tavern_timber completes: ACTIVE FETCHING [] done 98/556"
"scenario_blueprint_build_trading_post_large","111","616","[15:47:18] [Server thread/ERROR] [minecraft/LogTestReporter]: scenario_blueprint_build_trading_post_large failed at 1832752, -60, -4808138! trading_post_large completes: ACTIVE FETCHING [] done 111/616"
"scenario_blueprint_build_trading_post_rustic","104","315","[15:47:18] [Server thread/ERROR] [minecraft/LogTestReporter]: scenario_blueprint_build_trading_post_rustic failed at 1832789, -60, -4808138! trading_post_rustic completes: ACTIVE FETCHING [] done 104/315"
"scenario_blueprint_build_trading_post_small","108","306","[15:47:18] [Server thread/ERROR] [minecraft/LogTestReporter]: scenario_blueprint_build_trading_post_small failed at 1832826, -60, -4808138! trading_post_small completes: ACTIVE FETCHING [] done 108/306"
"scenario_blueprint_build_trading_post_stone","79","616","[15:47:18] [Server thread/ERROR] [minecraft/LogTestReporter]: scenario_blueprint_build_trading_post_stone failed at 1832863, -60, -4808138! trading_post_stone completes: ACTIVE FETCHING [] done 79/616"
"scenario_blueprint_build_trading_post_timber","108","306","[15:47:18] [Server thread/ERROR] [minecraft/LogTestReporter]: scenario_blueprint_build_trading_post_timber failed at 1832604, -60, -4808100! trading_post_timber completes: ACTIVE FETCHING [] done 108/306"
"scenario_blueprint_build_warehouse_large","104","831","[15:47:18] [Server thread/ERROR] [minecraft/LogTestReporter]: scenario_blueprint_build_warehouse_large failed at 1832641, -60, -4808100! warehouse_large completes: ACTIVE FETCHING [] done 104/831"
"scenario_blueprint_build_warehouse_rustic","80","393","[15:47:18] [Server thread/ERROR] [minecraft/LogTestReporter]: scenario_blueprint_build_warehouse_rustic failed at 1832678, -60, -4808100! warehouse_rustic completes: ACTIVE FETCHING [] done 80/393"
"scenario_blueprint_build_warehouse_small","122","384","[15:47:18] [Server thread/ERROR] [minecraft/LogTestReporter]: scenario_blueprint_build_warehouse_small failed at 1832715, -60, -4808100! warehouse_small completes: ACTIVE FETCHING [] done 122/384"
"scenario_blueprint_build_warehouse_stone","105","831","[15:47:18] [Server thread/ERROR] [minecraft/LogTestReporter]: scenario_blueprint_build_warehouse_stone failed at 1832752, -60, -4808100! warehouse_stone completes: ACTIVE FETCHING [] done 105/831"
"scenario_blueprint_build_warehouse_timber","93","384","[15:47:18] [Server thread/ERROR] [minecraft/LogTestReporter]: scenario_blueprint_build_warehouse_timber failed at 1832789, -60, -4808100! warehouse_timber completes: ACTIVE FETCHING [] done 93/384"
"scenario_blueprint_build_watchtower_stone","64","375","[15:47:18] [Server thread/ERROR] [minecraft/LogTestReporter]: scenario_blueprint_build_watchtower_stone failed at 1832826, -60, -4808100! watchtower_stone completes: ACTIVE FETCHING [] done 64/375"
"scenario_blueprint_build_watchtower_timber","64","375","[15:47:18] [Server thread/ERROR] [minecraft/LogTestReporter]: scenario_blueprint_build_watchtower_timber failed at 1832863, -60, -4808100! watchtower_timber completes: ACTIVE FETCHING [] done 64/375"
"scenario_blueprint_build_weaver_large","74","651","[15:47:18] [Server thread/ERROR] [minecraft/LogTestReporter]: scenario_blueprint_build_weaver_large failed at 1832604, -60, -4808062! weaver_large completes: ACTIVE FETCHING [] done 74/651"
"scenario_blueprint_build_weaver_rustic","104","421","[15:47:18] [Server thread/ERROR] [minecraft/LogTestReporter]: scenario_blueprint_build_weaver_rustic failed at 1832641, -60, -4808062! weaver_rustic completes: ACTIVE FETCHING [] done 104/421"
"scenario_blueprint_build_weaver_small","96","412","[15:47:18] [Server thread/ERROR] [minecraft/LogTestReporter]: scenario_blueprint_build_weaver_small failed at 1832678, -60, -4808062! weaver_small completes: ACTIVE FETCHING [] done 96/412"
"scenario_blueprint_build_weaver_stone","74","651","[15:47:18] [Server thread/ERROR] [minecraft/LogTestReporter]: scenario_blueprint_build_weaver_stone failed at 1832715, -60, -4808062! weaver_stone completes: ACTIVE FETCHING [] done 74/651"
"scenario_blueprint_build_weaver_timber","125","412","[15:47:18] [Server thread/ERROR] [minecraft/LogTestReporter]: scenario_blueprint_build_weaver_timber failed at 1832752, -60, -4808062! weaver_timber completes: ACTIVE FETCHING [] done 125/412"
"scenario_blueprint_build_well_large","88","371","[15:47:18] [Server thread/ERROR] [minecraft/LogTestReporter]: scenario_blueprint_build_well_large failed at 1832789, -60, -4808062! well_large completes: ACTIVE FETCHING [] done 88/371"
"scenario_blueprint_build_well_rustic","59","207","[15:47:18] [Server thread/ERROR] [minecraft/LogTestReporter]: scenario_blueprint_build_well_rustic failed at 1832826, -60, -4808062! well_rustic completes: ACTIVE FETCHING [] done 59/207"
"scenario_blueprint_build_well_small","104","207","[15:47:18] [Server thread/ERROR] [minecraft/LogTestReporter]: scenario_blueprint_build_well_small failed at 1832863, -60, -4808062! well_small completes: ACTIVE FETCHING [] done 104/207"
"scenario_blueprint_build_well_stone","83","371","[15:47:18] [Server thread/ERROR] [minecraft/LogTestReporter]: scenario_blueprint_build_well_stone failed at 1832604, -60, -4808024! well_stone completes: ACTIVE FETCHING [] done 83/371"
"scenario_blueprint_build_well_timber","105","207","[15:47:18] [Server thread/ERROR] [minecraft/LogTestReporter]: scenario_blueprint_build_well_timber failed at 1832641, -60, -4808024! well_timber completes: ACTIVE FETCHING [] done 105/207"

